{"cameraMode":{"drawMode":0,"name":"Shaded","section":"Shading Mode"},"sceneLighting":true,"audioPlay":false,"sceneViewState":{"showFog":true,"showMaterialUpdate":false,"showSkybox":true,"showFlares":true,"showImageEffects":true,"showParticleSystems":true},"in2DMode":false,"pivot":{"x":0.19721603393554688,"y":0.2004098892211914,"z":0.7195525169372559},"rotation":{"x":0.29982998967170718,"y":-0.31871700286865237,"z":0.1070365458726883,"w":0.8927915096282959},"size":6.005367755889893,"orthographic":false}