{"cameraMode":{"drawMode":0,"name":"Shaded","section":"Shading Mode"},"sceneLighting":false,"audioPlay":false,"sceneViewState":{"showFog":true,"showMaterialUpdate":false,"showSkybox":false,"showFlares":true,"showImageEffects":true,"showParticleSystems":true},"in2DMode":false,"pivot":{"x":0.006276994943618774,"y":-0.05205294489860535,"z":0.007551049813628197},"rotation":{"x":-0.15197189152240754,"y":-0.7557979822158814,"z":0.18881277740001679,"w":-0.6083254218101502},"size":3.475903034210205,"orthographic":false}